name,email,phone
Tony Sawyer,daniel80@example.com,572.798.5011
Andrew Gonzales,emily87@example.com,(649)404-3141x233
Elizabeth Mendez,acostasusan@example.com,(749)627-1987x9260
Mitchell Williams,geraldgriffith@example.com,(925)300-9649
Samuel Combs,noah66@example.com,(844)622-0971x182
Thomas Miller,fschroeder@example.net,450.397.4567x0941
Derek Tran,tara78@example.org,(468)920-2633
William Bass,wlong@example.com,696-348-8771x5399
Kelly West,jensencharles@example.org,+1-298-603-6450
Sandra Frazier,stacy46@example.net,+1-332-281-7210x394
Paul Taylor,timothyduran@example.org,(435)760-7877x714
Jessica Allen,joseph35@example.org,+1-950-215-8729x7165
Brian Mccarthy,david94@example.org,(603)872-9211
Benjamin Knight,sharonharris@example.org,+1-587-523-5940x309
Jason Wolf,diazwilliam@example.org,476-567-9123x13665
Nicole Moreno,cooleycharles@example.com,286.993.9310x735
Madison Martinez,chantracy@example.org,296.574.9253
Andrea Decker,njackson@example.com,240-226-0408x2080
Shelby Gregory,christopherhaynes@example.com,494-391-6740
Melvin Gonzalez,pnewton@example.net,+1-752-584-4058x5063
Willie Chen,sarah53@example.net,868-633-6706x205
Edward Scott,shelby16@example.net,(216)824-6112x537
Angela Gonzalez,lisa65@example.com,4789752090
Travis Morgan,shawn42@example.org,(953)811-5880
Janet Sloan,vmcconnell@example.net,001-382-299-1459x41345
Susan Fox,benjamin87@example.com,649.512.9578x3256
Kelsey Washington,christinapittman@example.com,+1-342-839-5732x320
Erica Adams,brianmeadows@example.com,568.247.2922
Jasmine Oliver,bowmanmatthew@example.net,454-655-0479
Veronica Armstrong,samantha71@example.net,(379)792-9517x824
Jennifer Bailey,jacob17@example.net,(951)737-0386x13304
Dustin Harrington,tylerjames@example.org,(513)201-1594x215
Gary Randall,nicole92@example.net,+1-826-212-9604
Linda Carter,mark49@example.net,+1-882-601-8485x708
Katherine Davis,robertmayer@example.org,211.604.1232x622
Rhonda Lewis,nicholasadkins@example.org,874-809-0278x72995
Kenneth George,kelly87@example.com,305-714-3620x351
Michelle Crane,qhernandez@example.org,800-562-2743
Victor Maldonado,rhonda63@example.com,829-309-1533
Barbara Davis,fishermitchell@example.org,001-923-847-8837x357
Michael Davis,michaelbryant@example.org,+1-565-941-9870x231
Joyce Carr,danielsandoval@example.net,716-387-2577
Christine Mendoza,angelajohnson@example.com,+1-503-373-7775x97422
Luis Allen,gbradley@example.com,001-589-492-7455
Melissa Mendez,juarezanthony@example.net,(790)246-8529
Dr. Joyce Harrison,barkermanuel@example.com,5712562601
Ashley Cole,dnguyen@example.org,+1-516-315-3796x796
Jonathan Coffey,atownsend@example.net,480-445-5828x54559
Ralph Smith,duranadam@example.net,(923)553-0424x96690
Michael Thompson,curtisthompson@example.org,001-534-490-3213x42800
Christopher Wheeler,chamberscarolyn@example.org,(441)964-0591x6864
Melissa Peterson,dmeza@example.org,(630)850-1963x48783
Kevin James,robertkent@example.net,+1-582-879-2347x076
Joseph Pittman,gbradford@example.net,323.998.6080
Alan Bright,martinpalmer@example.net,4977739874
Christopher Dean,sewing@example.com,853-906-0599
Megan Fisher,aaronbauer@example.net,779-661-2905x07577
Kathryn Holmes,marcjohnson@example.net,941.953.6979
Brian Johnson,justin36@example.com,974-550-8420x98577
Benjamin Hall,wulisa@example.com,510.923.1301
Linda George,manncaitlyn@example.org,950.891.3068x278
Anthony Boyer,sherielliott@example.org,+1-306-482-1773x03704
Jasmine Johnson MD,fjackson@example.org,(479)607-7017x246
Danielle Greer,erin31@example.net,423-766-7024x724
Kevin Lawrence,nbrown@example.net,(767)711-3936x65839
Vickie Patel,adamhudson@example.org,943-248-7281
James Jordan,mathewsshawn@example.net,+1-635-565-1011
Barry Vaughn,krystalklein@example.org,350.776.0587x848
Monique Juarez MD,michaelhowell@example.net,5956766481
Kelsey Peterson,hallgregory@example.org,+1-493-419-0984x14952
Jennifer Smith,nicole51@example.com,445.506.9047x803
Scott Smith,fhernandez@example.com,(230)871-8202x013
Erik Phelps,ronald06@example.net,415.212.0558
Brittany Bowman,william87@example.net,001-200-458-1085x7189
Justin Kelley,xtaylor@example.com,001-800-600-1504x566
Jessica Rubio,joneschristina@example.org,(247)422-3472x0739
Jonathan King,dhawkins@example.net,656-307-2289
Oscar Cline,christina25@example.org,355.473.2682x93771
Jennifer Wang,bford@example.com,8789548370
Ryan Sharp,shawn83@example.com,4667670763
Jason Bartlett,mmiller@example.com,508.622.0786
Robyn Williams,joshuajones@example.org,989-249-4231x61775
Ariel Arnold,lynnbenjamin@example.org,565-675-3076
Jill Deleon,hannahellison@example.net,392-401-0497
Justin Sullivan,milesjustin@example.org,968.833.9535x1526
Emma Woods,marshallsarah@example.net,(337)785-7328x664
Alexander Dawson,danaharrison@example.net,+1-357-822-8163x3182
Amy Floyd,margaretnelson@example.net,+1-703-412-9373
Benjamin Faulkner,igould@example.net,+1-633-773-3773x64534
Michael Bennett,uadams@example.net,(621)336-2652x6158
Tammy Le,goodwinjohnny@example.org,+1-481-212-7783x22581
Ralph Walton,vjones@example.net,858-452-7408x2282
James Johnson,michaeljohnson@example.org,+1-775-297-1094x054
Allison Dodson,melissacooper@example.net,608-552-6809x829
Justin Gallegos,john23@example.org,001-431-962-3477
Ryan Welch,fernandobaldwin@example.com,(471)340-8790x491
Rebecca Cooley,rogersrebecca@example.net,001-957-738-4369x498
Tiffany White,ferrellelizabeth@example.com,(983)672-3350x721
Dawn Hammond,larsenmary@example.com,495.849.6551x9841
Michele Perez,julie94@example.net,+1-390-567-2139x3731
